[Header],,,,,,
IEMFileVersion,4,,,,,
Experiment Name,Kumar_Talia,,,,,
Date,8/3/15,,,,,
Workflow,GenerateFASTQ,,,,,
Application,NextSeq FASTQ Only,,,,,
Assay,TruSeq LT,,,,,
Description,,,,,,
Chemistry,Default,,,,,
,,,,,,
,,,,,,
[Data],,,,,,
SampleID,SampleName,index,index2
1,FlagA_80_H3_Hi,TTATATCT,GCGATCTA
2,FlagA_32_H3_Hi,AGGTCGCA,GCGATCTA
3,FlagA_12.8_H3_Hi,GATATCCA,GCGATCTA
4,FlagA_5.12_H3_Hi,CCAGCACC,GCGATCTA
5,FlagA_0_H3_Hi,CAATAGTC,GCGATCTA
6,MycA_80_H3_Hi,GAAGGAAG,GCGATCTA
7,MycA_32_H3_Hi,ATTATCAA,GCGATCTA
8,MycA_12.8_H3_Hi,TGTAATCA,GCGATCTA
9,MycA_5.12_H3_Hi,AATGTTCT,GCGATCTA
10,MycA_0_H3_Hi,TAAGCACA,GCGATCTA
11,FlagB_80_H3_Hi,TCTCGGTC,GCGATCTA
12,FlagB_32_H3_Hi,CCTTCGCA,GCGATCTA
13,FlagB_12.8_H3_Hi,TCGCCTTG,GCGATCTA
14,FlagB_5.12_H3_Hi,CCTATGCC,GCGATCTA
15,FlagB_0_H3_Hi,ATTATGTT,GCGATCTA
16,MycB_80_H3_Hi,CATAGCGA,GCGATCTA
17,MycB_32_H3_Hi,TCGGAATG,GCGATCTA
18,MycB_12.8_H3_Hi,GGTCCAGA,GCGATCTA
19,MycB_5.12_H3_Hi,TTGAGCCT,GCGATCTA
20,MycB_0_H3_Hi,CTACCAGG,GCGATCTA
21,FlagA_80_K36me3_Hi,TTATATCT,ATAGAGAG
22,FlagA_32_K36me3_Hi,AGGTCGCA,ATAGAGAG
23,FlagA_12.8_K36me3_Hi,GATATCCA,ATAGAGAG
24,FlagA_5.12_K36me3_Hi,CCAGCACC,ATAGAGAG
25,FlagA_0_K36me3_Hi,CAATAGTC,ATAGAGAG
26,MycA_80_K36me3_Hi,GAAGGAAG,ATAGAGAG
27,MycA_32_K36me3_Hi,ATTATCAA,ATAGAGAG
28,MycA_12.8_K36me3_Hi,TGTAATCA,ATAGAGAG
29,MycA_5.12_K36me3_Hi,AATGTTCT,ATAGAGAG
30,MycA_0_K36me3_Hi,TAAGCACA,ATAGAGAG
31,FlagB_80_K36me3_Hi,TCTCGGTC,ATAGAGAG
32,FlagB_32_K36me3_Hi,CCTTCGCA,ATAGAGAG
33,FlagB_12.8_K36me3_Hi,TCGCCTTG,ATAGAGAG
34,FlagB_5.12_K36me3_Hi,CCTATGCC,ATAGAGAG
35,FlagB_0_K36me3_Hi,ATTATGTT,ATAGAGAG
36,MycB_80_K36me3_Hi,CATAGCGA,ATAGAGAG
37,MycB_32_K36me3_Hi,TCGGAATG,ATAGAGAG
38,MycB_12.8_K36me3_Hi,GGTCCAGA,ATAGAGAG
39,MycB_5.12_K36me3_Hi,TTGAGCCT,ATAGAGAG
40,MycB_0_K36me3_Hi,CTACCAGG,ATAGAGAG
41,FlagA_80_K18ac_Hi,TTATATCT,AGAGGATA
42,FlagA_32_K18ac_Hi,AGGTCGCA,AGAGGATA
43,FlagA_12.8_K18ac_Hi,GATATCCA,AGAGGATA
44,FlagA_5.12_K18ac_Hi,CCAGCACC,AGAGGATA
45,FlagA_0_K18ac_Hi,CAATAGTC,AGAGGATA
46,MycA_80_K18ac_Hi,GAAGGAAG,AGAGGATA
47,MycA_32_K18ac_Hi,ATTATCAA,AGAGGATA
48,MycA_12.8_K18ac_Hi,TGTAATCA,AGAGGATA
49,MycA_5.12_K18ac_Hi,AATGTTCT,AGAGGATA
50,MycA_0_K18ac_Hi,TAAGCACA,AGAGGATA
51,FlagB_80_K18ac_Hi,TCTCGGTC,AGAGGATA
52,FlagB_32_K18ac_Hi,CCTTCGCA,AGAGGATA
53,FlagB_12.8_K18ac_Hi,TCGCCTTG,AGAGGATA
54,FlagB_5.12K18ac_Hi,CCTATGCC,AGAGGATA
55,FlagB_0_K18ac_Hi,ATTATGTT,AGAGGATA
56,MycB_80_K18ac_Hi,CATAGCGA,AGAGGATA
57,MycB_32_K18ac_Hi,TCGGAATG,AGAGGATA
58,MycB_12.8_K18ac_Hi,GGTCCAGA,AGAGGATA
59,MycB_5.12K18ac_Hi,TTGAGCCT,AGAGGATA
60,MycB_0_K18ac_Hi,CTACCAGG,AGAGGATA
61,FlagA_80_H3_Low,TTATATCT,TCTACTCT
62,FlagA_32_H3_Low,AGGTCGCA,TCTACTCT
63,FlagA_12.8_H3_Low,GATATCCA,TCTACTCT
64,FlagA_5.12_H3_Low,CCAGCACC,TCTACTCT
65,FlagA_0_H3_Low,CAATAGTC,TCTACTCT
66,MycA_80_H3_Low,GAAGGAAG,TCTACTCT
67,MycA_32_H3_Low,ATTATCAA,TCTACTCT
68,MycA_12.8_H3_Low,TGTAATCA,TCTACTCT
69,MycA_5.12_H3_Low,AATGTTCT,TCTACTCT
70,MycA_0_H3_Low,TAAGCACA,TCTACTCT
71,FlagB_80_H3_Low,TCTCGGTC,TCTACTCT
72,FlagB_32_H3_Low,CCTTCGCA,TCTACTCT
73,FlagB_12.8_H3_Low,TCGCCTTG,TCTACTCT
74,FlagB_5.12_H3_Low,CCTATGCC,TCTACTCT
75,FlagB_0_H3_Low,ATTATGTT,TCTACTCT
76,MycB_80_H3_Low,CATAGCGA,TCTACTCT
77,MycB_32_H3_Low,TCGGAATG,TCTACTCT
78,MycB_12.8_H3_Low,GGTCCAGA,TCTACTCT
79,MycB_5.12_H3_Low,TTGAGCCT,TCTACTCT
80,MycB_0_H3_Low,CTACCAGG,TCTACTCT
81,FlagA_80_K36me3_Low,TTATATCT,CTCCTTAC
82,FlagA_32_K36me3_Low,AGGTCGCA,CTCCTTAC
83,FlagA_12.8_K36me3_Low,GATATCCA,CTCCTTAC
84,FlagA_5.12_K36me3_Low,CCAGCACC,CTCCTTAC
85,FlagA_0_K36me3_Low,CAATAGTC,CTCCTTAC
86,MycA_80_K36me3_Low,GAAGGAAG,CTCCTTAC
87,MycA_32_K36me3_Low,ATTATCAA,CTCCTTAC
88,MycA_12.8_K36me3_Low,TGTAATCA,CTCCTTAC
89,MycA_5.12_K36me3_Low,AATGTTCT,CTCCTTAC
90,MycA_0_K36me3_Low,TAAGCACA,CTCCTTAC
91,FlagB_80_K36me3_Low,TCTCGGTC,CTCCTTAC
92,FlagB_32_K36me3_Low,CCTTCGCA,CTCCTTAC
93,FlagB_12.8_K36me3_Low,TCGCCTTG,CTCCTTAC
94,FlagB_5.12_K36me3_Low,CCTATGCC,CTCCTTAC
95,FlagB_0_K36me3_Low,ATTATGTT,CTCCTTAC
96,MycB_80_K36me3_Low,CATAGCGA,CTCCTTAC
97,MycB_32_K36me3_Low,TCGGAATG,CTCCTTAC
98,MycB_12.8_K36me3_Low,GGTCCAGA,CTCCTTAC
99,MycB_5.12_K36me3_Low,TTGAGCCT,CTCCTTAC
100,MycB_0_K36me3_Low,CTACCAGG,CTCCTTAC
101,FlagA_80_K18ac_Low,TTATATCT,CTCCTTAC
102,FlagA_32_K18ac_Low,AGGTCGCA,CTCCTTAC
103,FlagA_12.8_K18ac_Low,GATATCCA,CTCCTTAC
104,FlagA_5.12_K18ac_Low,CCAGCACC,CTCCTTAC
105,FlagA_0_K18ac_Low,CAATAGTC,CTCCTTAC
106,MycA_80_K18ac_Low,GAAGGAAG,TATGCAGT
107,MycA_32_K18ac_Low,ATTATCAA,TATGCAGT
108,MycA_12.8_K18ac_Low,TGTAATCA,TATGCAGT
109,MycA_5.12_K18ac_Low,AATGTTCT,TATGCAGT
110,MycA_0_K18ac_Low,TAAGCACA,TATGCAGT
111,FlagB_80_K18ac_Low,TCTCGGTC,TATGCAGT
112,FlagB_32_K18ac_Low,CCTTCGCA,TATGCAGT
113,FlagB_12.8_K18ac_Low,TCGCCTTG,TATGCAGT
114,FlagB_5.12_K18ac_Low,CCTATGCC,TATGCAGT
115,FlagB0_K18ac_Low,ATTATGTT,TATGCAGT
116,MycB_80_K18ac_Low,CATAGCGA,TATGCAGT
117,MycB_32_K18ac_Low,TCGGAATG,TATGCAGT
118,MycB_12.8_K18ac_Low,GGTCCAGA,TATGCAGT
119,MycB_5.12_K18ac_Low,TTGAGCCT,TATGCAGT
120,MycB_0_K18ac_Low,CTACCAGG,TATGCAGT
